destination_name,origin_name,2019,2020,2021,2022
DE,DE,339217.0,245796.0,290204.0,380604.0
GB,GB,192960.0,158698.0,269366.0,371034.0
FR,FR,144794.0,120204.0,174379.0,246330.0
IT,IT,136583.0,91451.0,116133.0,125392.0
RU,RU,84569.0,68115.0,110037.0,93031.0
ES,ES,69581.0,68273.0,106689.0,144727.0
GB,ES,64463.0,25926.0,31651.0,75803.0
GB,DE,60938.0,25685.0,22181.0,45954.0
DE,GB,59775.0,25957.0,22266.0,46948.0
ES,GB,54095.0,25809.0,31765.0,80565.0
IT,DE,51788.0,21098.0,26990.0,44921.0
IE,GB,50415.0,18013.0,15703.0,45327.0
GB,IE,50122.0,18375.0,15574.0,45128.0
SE,SE,49742.0,31674.0,38078.0,52641.0
DE,IT,47487.0,19661.0,25247.0,42337.0
NO,NO,47335.0,50898.0,78346.0,70727.0
IT,GB,43955.0,17452.0,14282.0,39952.0
GB,IT,41607.0,16165.0,13411.0,38523.0
DE,ES,40515.0,22318.0,38009.0,60293.0
ES,DE,39679.0,22681.0,38684.0,62718.0
FR,GB,38675.0,16798.0,15337.0,44593.0
GB,FR,35826.0,15096.0,15537.0,41226.0
DE,CH,35741.0,16004.0,16832.0,27501.0
CH,DE,34537.0,15920.0,16856.0,27574.0
GB,NL,34531.0,13480.0,11766.0,33654.0
CH,CH,34307.0,41328.0,52864.0,62996.0
DE,AT,34187.0,14499.0,16049.0,28772.0
AT,DE,34085.0,14671.0,16038.0,28759.0
IT,FR,33355.0,12120.0,18659.0,37199.0
FR,DE,32729.0,15657.0,20595.0,38279.0
FR,ES,32200.0,14263.0,23433.0,40616.0
FR,IT,31721.0,11223.0,17262.0,36268.0
NL,GB,30436.0,12259.0,11851.0,33433.0
DE,FR,30365.0,14898.0,19294.0,36328.0
IT,ES,30319.0,11961.0,19489.0,35186.0
TR,TR,30214.0,26283.0,30799.0,21577.0
ES,FR,29824.0,13982.0,23117.0,40090.0
GB,CH,29472.0,11987.0,8238.0,25105.0
CH,GB,28815.0,12032.0,8244.0,24038.0
ES,IT,27067.0,11203.0,18757.0,35248.0
GB,PT,22086.0,9865.0,13356.0,27702.0
PT,GB,21946.0,9607.0,13122.0,27424.0
DK,DK,21536.0,20809.0,27469.0,32904.0
TR,DE,21500.0,12531.0,15565.0,21137.0
DE,NL,18869.0,10164.0,12469.0,20591.0
PL,GB,18635.0,10357.0,9878.0,19769.0
RU,DE,18078.0,5847.0,6316.0,1204.0
NL,DE,17890.0,9408.0,12105.0,20240.0
DE,RU,17698.0,5865.0,6342.0,1168.0
GR,GR,16835.0,9359.0,8484.0,20551.0
GB,PL,16723.0,9866.0,9736.0,18634.0
FR,CH,16404.0,8335.0,12649.0,22836.0
PL,PL,16397.0,28289.0,40086.0,52457.0
CH,FR,15865.0,8028.0,13245.0,21328.0
FI,FI,15832.0,14147.0,11276.0,18134.0
PL,DE,15789.0,10518.0,12429.0,19916.0
GR,DE,15676.0,5908.0,7617.0,12504.0
DK,DE,14778.0,6906.0,6674.0,12547.0
DE,PL,14500.0,9826.0,11930.0,19069.0
NL,NL,14384.0,18021.0,24828.0,32154.0
SE,DE,14080.0,5667.0,6179.0,10096.0
PT,PT,13948.0,18939.0,35129.0,47906.0
CH,ES,13851.0,6080.0,11616.0,17312.0
DE,DK,13632.0,6897.0,6615.0,12395.0
DE,GR,13601.0,5072.0,7377.0,13273.0
DE,TR,13554.0,9019.0,15928.0,20006.0
ES,CH,13454.0,6117.0,11689.0,18342.0
BE,ES,13450.0,6213.0,9231.0,14045.0
IT,NL,13368.0,5927.0,9404.0,15044.0
PT,DE,13182.0,6688.0,8826.0,15354.0
DE,SE,13176.0,5384.0,5846.0,10003.0
ES,NL,13010.0,7998.0,13650.0,19562.0
NL,ES,12696.0,7321.0,13143.0,18255.0
PT,ES,12601.0,6798.0,9694.0,19460.0
AT,AT,12595.0,14836.0,22439.0,26686.0
DE,PT,12407.0,6697.0,8902.0,15555.0
IT,CH,12106.0,5249.0,7075.0,11750.0
DK,GB,12096.0,4369.0,3414.0,10442.0
PT,FR,12053.0,8889.0,12975.0,23730.0
ES,PT,12049.0,6576.0,9360.0,19602.0
ES,BE,12019.0,6501.0,9694.0,14839.0
FR,PT,11988.0,9110.0,13640.0,24829.0
GB,DK,11798.0,4344.0,3358.0,10380.0
IT,BE,11599.0,5362.0,7110.0,11467.0
GR,GB,11398.0,3967.0,4655.0,10801.0
CZ,CZ,11014.0,14004.0,27307.0,27356.0
IT,RU,10863.0,2535.0,2668.0,451.0
BE,IT,10847.0,4998.0,7268.0,11378.0
NL,IT,10811.0,4720.0,8257.0,13788.0
CH,IT,10742.0,4516.0,6212.0,10628.0
RU,IT,10474.0,2631.0,2351.0,455.0
BE,DE,10443.0,6620.0,7634.0,10527.0
SE,FI,10347.0,4263.0,3660.0,6581.0
DE,BE,10188.0,6705.0,7700.0,10665.0
FI,SE,10127.0,4026.0,3540.0,6494.0
DK,NO,10077.0,5069.0,4856.0,9742.0
FR,NL,10001.0,5394.0,7941.0,12909.0
NO,DK,9863.0,5224.0,4906.0,9715.0
SE,GB,9857.0,3249.0,2403.0,7393.0
GB,SE,9785.0,3239.0,2351.0,7250.0
GB,GR,9727.0,3601.0,4497.0,10634.0
SE,DK,9609.0,4168.0,4001.0,7484.0
DK,SE,9401.0,4064.0,4022.0,7340.0
BE,FR,9307.0,5243.0,8782.0,10880.0
IE,DE,9106.0,3234.0,3661.0,8330.0
FR,BE,9012.0,5479.0,7716.0,11376.0
GB,BE,8623.0,4528.0,5275.0,8312.0
DE,IE,8587.0,3135.0,3621.0,8290.0
BE,GB,8556.0,4382.0,5092.0,8226.0
DE,HU,8517.0,3453.0,3786.0,6127.0
AT,GB,8481.0,3107.0,2238.0,7063.0
NL,FR,8398.0,4579.0,7706.0,11960.0
HU,DE,8096.0,3554.0,3840.0,6293.0
AT,CH,8048.0,3331.0,4189.0,5834.0
NO,SE,8008.0,3025.0,2840.0,6023.0
FI,DE,7964.0,3297.0,3352.0,6381.0
GB,AT,7961.0,2701.0,2217.0,6879.0
TR,GB,7828.0,5339.0,3435.0,10492.0
IE,ES,7669.0,2657.0,3134.0,7837.0
SE,NO,7607.0,2908.0,2841.0,5981.0
DE,FI,7532.0,3201.0,3389.0,6486.0
NO,GB,7306.0,3192.0,2607.0,7808.0
GB,HU,7192.0,2958.0,2187.0,5675.0
CH,AT,7172.0,3209.0,4093.0,5770.0
IT,AT,7136.0,2975.0,4380.0,8214.0
GR,IT,7097.0,2256.0,2931.0,5097.0
CZ,GB,6936.0,2573.0,1724.0,4787.0
GB,CZ,6859.0,2634.0,1736.0,4836.0
AT,IT,6664.0,2603.0,3917.0,7548.0
GB,NO,6650.0,3127.0,2471.0,7366.0
ES,IE,6542.0,2681.0,3286.0,8889.0
HU,GB,6458.0,2916.0,2189.0,5534.0
GR,FR,6408.0,2096.0,2702.0,4070.0
NO,DE,6347.0,2854.0,2934.0,5926.0
NL,CH,6322.0,3117.0,4146.0,7625.0
IT,GR,6300.0,2144.0,3139.0,5891.0
FR,RU,6258.0,1576.0,1540.0,486.0
FR,IE,6186.0,2312.0,2594.0,7797.0
PT,CH,6143.0,4604.0,6320.0,9235.0
BE,BE,6132.0,7368.0,11765.0,16530.0
CH,NL,6040.0,3321.0,4167.0,7519.0
PT,NL,5998.0,3423.0,4697.0,7527.0
TR,FR,5989.0,2946.0,3840.0,6429.0
IE,FR,5989.0,2260.0,2596.0,7442.0
RU,FR,5977.0,1570.0,1824.0,485.0
TR,IT,5966.0,1803.0,2748.0,5096.0
IT,PT,5940.0,2553.0,3652.0,7958.0
PT,IT,5853.0,2547.0,3604.0,7957.0
DE,NO,5842.0,2605.0,2856.0,6080.0
CH,PT,5751.0,4548.0,6197.0,8794.0
BE,CH,5699.0,2385.0,2898.0,4592.0
CZ,DE,5660.0,3095.0,3805.0,6051.0
FR,GR,5642.0,1902.0,2692.0,5124.0
PL,IT,5594.0,2924.0,3980.0,8499.0
SE,ES,5555.0,2121.0,3830.0,5784.0
IT,PL,5544.0,2997.0,4076.0,8174.0
CH,BE,5521.0,2492.0,2886.0,4409.0
TR,RU,5275.0,7444.0,5663.0,6644.0
DE,CZ,5251.0,3011.0,3735.0,5841.0
NL,PT,5242.0,3093.0,4675.0,7352.0
DK,NL,5215.0,2960.0,3257.0,7171.0
ES,RU,5142.0,1151.0,1204.0,259.0
AT,NL,5077.0,2365.0,2561.0,4379.0
RU,ES,5071.0,1248.0,1557.0,300.0
DK,ES,5065.0,1881.0,4088.0,6324.0
FR,AT,5006.0,1874.0,2539.0,5150.0
HR,DE,4924.0,2775.0,3179.0,3028.0
IE,IE,4905.0,7058.0,9246.0,11966.0
AT,FR,4841.0,1811.0,2498.0,4871.0
RO,DE,4834.0,2900.0,3259.0,5981.0
LV,RU,4818.0,2120.0,1675.0,250.0
RU,LV,4758.0,1684.0,1532.0,262.0
IE,NL,4712.0,2264.0,2334.0,5323.0
ES,AT,4657.0,2225.0,3683.0,7079.0
NL,AT,4619.0,1963.0,2449.0,4268.0
AT,ES,4596.0,2086.0,3585.0,6791.0
SE,NL,4567.0,2115.0,2446.0,3976.0
ES,SE,4536.0,2049.0,3866.0,6381.0
UA,DE,4528.0,2541.0,3233.0,506.0
NL,DK,4520.0,2705.0,3258.0,6990.0
CZ,RU,4439.0,1213.0,646.0,145.0
GB,RU,4413.0,2254.0,1587.0,335.0
NL,IE,4410.0,2088.0,2330.0,5260.0
PL,NL,4344.0,2775.0,4123.0,6415.0
IT,RO,4250.0,1921.0,3346.0,6759.0
ES,DK,4239.0,1856.0,4171.0,7092.0
IT,IE,4230.0,1523.0,1826.0,5176.0
GB,IS,4226.0,1720.0,1187.0,2828.0
IT,DK,4210.0,1271.0,2297.0,4882.0
GR,NL,4199.0,1366.0,1949.0,2778.0
LV,DE,4198.0,2081.0,2173.0,2844.0
FR,DK,4186.0,1650.0,2484.0,5263.0
DK,IT,4179.0,1258.0,2235.0,4818.0
IS,GB,4151.0,1584.0,1290.0,2957.0
BE,PT,4140.0,2480.0,3618.0,5177.0
IE,IT,4134.0,1483.0,1828.0,5184.0
DK,FR,4126.0,1646.0,2489.0,4953.0
TR,CH,4125.0,2674.0,3495.0,4797.0
CZ,IT,4057.0,1238.0,1465.0,3389.0
RU,GB,4046.0,2042.0,1311.0,325.0
RU,CZ,4038.0,1139.0,636.0,145.0
DE,RO,4035.0,2577.0,2940.0,5910.0
GB,TR,4025.0,3391.0,3607.0,7928.0
TR,NL,3995.0,2222.0,3413.0,3912.0
FI,GB,3992.0,1544.0,1310.0,2837.0
IT,CZ,3990.0,1308.0,1594.0,3501.0
IE,PT,3977.0,1362.0,2024.0,4440.0
GB,FI,3968.0,1522.0,1246.0,2852.0
PT,IE,3958.0,1362.0,2017.0,4496.0
DE,LV,3956.0,2028.0,2058.0,2414.0
PT,BE,3955.0,2308.0,3284.0,4833.0
DE,HR,3950.0,2509.0,2966.0,3673.0
GR,CH,3910.0,1784.0,2050.0,2904.0
NO,ES,3906.0,1059.0,1555.0,4981.0
DE,UA,3843.0,2287.0,3081.0,487.0
NL,SE,3778.0,1741.0,2419.0,4066.0
NL,PL,3774.0,2577.0,4097.0,6287.0
PL,FR,3769.0,1782.0,3017.0,5632.0
FR,PL,3728.0,1884.0,3245.0,5959.0
FR,TR,3722.0,1548.0,4409.0,6926.0
IT,TR,3700.0,847.0,2852.0,5048.0
AT,RU,3673.0,1392.0,1586.0,323.0
NO,NL,3662.0,2412.0,2844.0,4938.0
SE,PL,3611.0,1708.0,2814.0,5099.0
PL,SE,3603.0,1787.0,2721.0,5159.0
DK,FI,3586.0,1231.0,1287.0,2559.0
DE,LU,3578.0,2014.0,1848.0,3911.0
LU,DE,3563.0,2036.0,1827.0,3934.0
FI,DK,3557.0,1265.0,1310.0,2557.0
SE,BE,3454.0,1543.0,1795.0,2129.0
RO,GB,3454.0,2142.0,2934.0,6027.0
IT,HU,3446.0,1180.0,1558.0,3709.0
RU,CH,3414.0,1448.0,1772.0,413.0
SE,FR,3358.0,1424.0,2117.0,4299.0
RO,IT,3357.0,1492.0,2967.0,6420.0
GB,RO,3338.0,2197.0,3127.0,6205.0
FR,SE,3337.0,1458.0,2056.0,4369.0
NL,GR,3333.0,1142.0,1950.0,2945.0
FR,CZ,3330.0,1351.0,1809.0,3434.0
CH,RU,3319.0,1440.0,1737.0,441.0
BE,SE,3318.0,1476.0,1739.0,2128.0
CZ,FR,3316.0,1324.0,1832.0,3144.0
PL,DK,3279.0,1732.0,1987.0,4271.0
RU,AT,3274.0,1075.0,1241.0,252.0
DK,PL,3249.0,1653.0,1970.0,4205.0
CH,GR,3209.0,1578.0,2014.0,3415.0
FI,RU,3163.0,758.0,1218.0,326.0
MT,GB,3151.0,1778.0,2197.0,2907.0
DK,CH,3132.0,1364.0,1516.0,3003.0
HU,IT,3128.0,1125.0,1485.0,3622.0
PL,CH,3097.0,1411.0,1949.0,2955.0
PL,BE,3091.0,1645.0,1511.0,2219.0
LU,GB,3078.0,1214.0,1030.0,3037.0
RU,NL,3049.0,1049.0,1542.0,287.0
RU,FI,3031.0,683.0,1209.0,316.0
ES,NO,2998.0,966.0,1571.0,5369.0
NL,NO,2971.0,1975.0,2650.0,4907.0
TR,ES,2963.0,1304.0,1997.0,3188.0
CH,DK,2943.0,1352.0,1537.0,2966.0
CH,PL,2933.0,1373.0,1949.0,2854.0
PL,NO,2911.0,2363.0,2852.0,4168.0
TR,AT,2900.0,1502.0,1961.0,2617.0
NO,PL,2896.0,2194.0,2796.0,4744.0
GR,RU,2887.0,330.0,704.0,93.0
GR,PL,2885.0,896.0,1690.0,2265.0
PL,ES,2876.0,1621.0,2934.0,5126.0
IT,LU,2816.0,1507.0,1695.0,3165.0
BE,PL,2811.0,1592.0,1643.0,2302.0
GB,LU,2810.0,1088.0,771.0,2776.0
BE,AT,2804.0,1497.0,1778.0,2967.0
FI,ES,2770.0,552.0,835.0,2241.0
LU,IT,2756.0,1471.0,1687.0,3145.0
SE,CH,2743.0,1189.0,1261.0,2446.0
KZ,KZ,2718.0,1510.0,3850.0,215.0
GR,BE,2672.0,1118.0,1391.0,1962.0
CZ,NL,2664.0,1147.0,1483.0,2113.0
AT,BE,2659.0,1373.0,1599.0,2810.0
NL,RU,2650.0,1035.0,1675.0,289.0
DK,BE,2644.0,1096.0,1240.0,2299.0
TR,BE,2633.0,1557.0,2412.0,2954.0
BE,DK,2627.0,1108.0,1256.0,2305.0
RU,TR,2625.0,5226.0,5318.0,5205.0
UA,PL,2616.0,1996.0,2991.0,489.0
PL,UA,2609.0,1854.0,2826.0,483.0
IL,DE,2605.0,1225.0,1991.0,3961.0
RS,DE,2589.0,1174.0,1489.0,3394.0
DE,RS,2587.0,1324.0,2283.0,3432.0
CH,SE,2566.0,1193.0,1239.0,2432.0
RU,GR,2526.0,252.0,602.0,90.0
NL,TR,2497.0,1098.0,2958.0,3517.0
IL,IT,2483.0,476.0,1031.0,3500.0
TR,IL,2478.0,2055.0,2682.0,5012.0
CZ,ES,2463.0,1022.0,1504.0,2725.0
ES,PL,2452.0,1570.0,3061.0,5354.0
RU,KZ,2446.0,681.0,631.0,328.0
GB,LV,2437.0,1156.0,1398.0,1774.0
KZ,RU,2409.0,623.0,533.0,283.0
LV,GB,2401.0,1136.0,1542.0,2084.0
FR,HU,2393.0,875.0,1231.0,2806.0
IT,SE,2386.0,554.0,857.0,2243.0
NO,FI,2384.0,809.0,967.0,2013.0
PL,GR,2335.0,808.0,1729.0,2427.0
ES,FI,2330.0,523.0,885.0,2573.0
IL,FR,2321.0,669.0,1224.0,3085.0
SE,IT,2321.0,527.0,848.0,2209.0
CY,GB,2310.0,1657.0,2632.0,6277.0
CH,TR,2308.0,1671.0,3257.0,4548.0
PL,IE,2295.0,1485.0,1856.0,2788.0
FI,LV,2294.0,1166.0,1025.0,1829.0
BE,GR,2277.0,718.0,1157.0,2053.0
LV,FI,2268.0,1155.0,1020.0,1873.0
IS,DE,2228.0,601.0,794.0,1134.0
MT,IT,2225.0,1395.0,2137.0,2834.0
ES,CZ,2218.0,1032.0,1538.0,2808.0
CH,HU,2214.0,798.0,981.0,2073.0
GR,AT,2209.0,1026.0,1242.0,1888.0
HU,FR,2195.0,880.0,1237.0,2723.0
NL,CZ,2191.0,1065.0,1462.0,2077.0
FI,NO,2187.0,741.0,912.0,1977.0
NO,FR,2161.0,602.0,852.0,2935.0
MT,DE,2141.0,1265.0,1490.0,1681.0
DE,IS,2103.0,536.0,714.0,1065.0
HU,CH,2094.0,791.0,995.0,2092.0
GR,ES,2069.0,691.0,901.0,1185.0
DK,AT,2066.0,799.0,734.0,1676.0
AT,DK,2065.0,830.0,722.0,1659.0
DE,IL,2059.0,1663.0,2038.0,4311.0
ES,RO,2050.0,1092.0,1833.0,2985.0
TR,SE,2045.0,868.0,1518.0,1995.0
GB,MT,2038.0,1612.0,2028.0,2756.0
IT,IL,2028.0,770.0,1128.0,3770.0
BE,CZ,2022.0,798.0,777.0,1357.0
IE,CH,2020.0,696.0,684.0,1981.0
RU,HU,2018.0,512.0,587.0,220.0
IE,PL,2014.0,1358.0,1758.0,2529.0
FR,NO,2006.0,642.0,864.0,2697.0
FI,FR,1999.0,742.0,919.0,2743.0
BE,HU,1998.0,647.0,663.0,1274.0
IE,BE,1980.0,1094.0,1139.0,1936.0
ES,TR,1978.0,717.0,2168.0,3252.0
FR,FI,1958.0,768.0,883.0,2710.0
DE,BG,1956.0,486.0,3230.0,4875.0
HU,NL,1956.0,1007.0,1353.0,1928.0
CZ,BE,1953.0,829.0,764.0,1346.0
BE,IE,1952.0,1074.0,1121.0,1836.0
FR,RO,1940.0,952.0,1646.0,3047.0
NL,HU,1939.0,916.0,1381.0,1955.0
AT,SE,1928.0,573.0,706.0,1577.0
FI,NL,1924.0,910.0,1173.0,1938.0
BE,NL,1923.0,1498.0,2178.0,3074.0
HU,ES,1901.0,832.0,1077.0,2231.0
CH,IE,1899.0,645.0,624.0,1882.0
TR,DK,1883.0,776.0,1198.0,1987.0
HU,BE,1880.0,831.0,868.0,1345.0
AT,GR,1875.0,920.0,1271.0,2079.0
SI,SI,1873.0,2320.0,3265.0,3167.0
LU,FR,1873.0,1249.0,1829.0,2803.0
RO,FR,1873.0,920.0,1606.0,3051.0
ES,HU,1865.0,808.0,1090.0,2296.0
CZ,CH,1861.0,788.0,1039.0,2031.0
BE,TR,1859.0,1115.0,2310.0,2575.0
GR,SE,1855.0,175.0,603.0,1226.0
UA,IT,1845.0,639.0,1225.0,217.0
IL,GB,1832.0,899.0,1063.0,2687.0
LV,LV,1831.0,1550.0,1234.0,805.0
AT,TR,1828.0,938.0,1969.0,2517.0
SE,AT,1823.0,565.0,698.0,1599.0
ES,GR,1816.0,600.0,897.0,1679.0
FR,IL,1808.0,1133.0,1477.0,3537.0
TR,GR,1807.0,504.0,836.0,2079.0
EE,SE,1806.0,612.0,679.0,1190.0
PL,RU,1793.0,565.0,857.0,204.0
SE,LV,1791.0,617.0,644.0,1003.0
FR,LU,1790.0,1227.0,1652.0,2902.0
IL,RU,1783.0,469.0,561.0,553.0
IL,GR,1781.0,334.0,935.0,2509.0
FI,IT,1778.0,400.0,645.0,2235.0
NL,BE,1777.0,1435.0,2120.0,3146.0
IT,UA,1776.0,649.0,1274.0,224.0
CH,CZ,1772.0,772.0,1095.0,2090.0
GR,DK,1770.0,440.0,935.0,1324.0
LV,SE,1767.0,613.0,636.0,1137.0
IT,MT,1762.0,1621.0,2676.0,3464.0
HU,RU,1754.0,495.0,598.0,227.0
IT,FI,1746.0,379.0,649.0,2253.0
CH,LU,1737.0,636.0,783.0,1708.0
BE,RU,1731.0,658.0,678.0,208.0
SE,EE,1729.0,534.0,667.0,1242.0
RO,ES,1724.0,1047.0,1839.0,2890.0
NL,FI,1717.0,841.0,1148.0,1918.0
RU,PL,1693.0,533.0,829.0,194.0
LU,CH,1689.0,597.0,709.0,1649.0
SE,RU,1668.0,586.0,384.0,80.0
RO,AT,1663.0,521.0,1073.0,1795.0
GB,SK,1661.0,764.0,838.0,1410.0
TR,UA,1652.0,3109.0,2634.0,254.0
SK,GB,1652.0,788.0,855.0,1461.0
PL,FI,1630.0,478.0,593.0,2249.0
GR,CZ,1627.0,360.0,854.0,1181.0
RU,SE,1615.0,560.0,542.0,82.0
AT,RO,1611.0,549.0,1082.0,1873.0
RU,BE,1609.0,736.0,518.0,94.0
RS,CH,1608.0,723.0,755.0,2168.0
NO,BE,1600.0,793.0,813.0,1506.0
CH,RS,1592.0,959.0,1518.0,2198.0
DK,IS,1586.0,640.0,593.0,1166.0
CZ,GR,1582.0,324.0,827.0,1218.0
LU,ES,1567.0,992.0,1468.0,2214.0
LV,EE,1564.0,906.0,902.0,1093.0
PT,LU,1559.0,1589.0,2013.0,3021.0
FI,PL,1553.0,471.0,572.0,2167.0
IS,DK,1536.0,575.0,613.0,1193.0
TR,KZ,1528.0,756.0,1056.0,306.0
PL,AT,1527.0,1020.0,1291.0,3037.0
EE,LV,1524.0,936.0,907.0,1098.0
LU,NL,1518.0,684.0,978.0,1264.0
GR,IL,1482.0,717.0,1032.0,1765.0
AT,PL,1472.0,1001.0,1300.0,3022.0
IL,TR,1430.0,741.0,2479.0,4539.0
LU,PT,1429.0,1563.0,2002.0,3000.0
NO,LV,1428.0,721.0,561.0,793.0
ES,LU,1421.0,1065.0,1564.0,2371.0
RU,IL,1409.0,669.0,593.0,617.0
DE,EE,1395.0,858.0,1071.0,1722.0
SE,GR,1394.0,138.0,631.0,1309.0
DK,LV,1386.0,612.0,650.0,1097.0
EE,DE,1380.0,723.0,932.0,1639.0
LT,GB,1375.0,1385.0,1923.0,3054.0
GB,IL,1372.0,1330.0,1258.0,2917.0
HR,GB,1363.0,503.0,704.0,2212.0
RS,RU,1355.0,546.0,1027.0,703.0
RU,RS,1350.0,520.0,1079.0,703.0
LV,DK,1345.0,614.0,661.0,1263.0
RO,NL,1325.0,770.0,1556.0,2056.0
CZ,DK,1316.0,305.0,380.0,823.0
LV,NO,1297.0,706.0,584.0,790.0
RO,BE,1294.0,720.0,1070.0,1413.0
GB,CY,1287.0,1390.0,2366.0,5303.0
DK,GR,1287.0,355.0,988.0,1488.0
TR,CZ,1284.0,521.0,663.0,1181.0
TR,HU,1271.0,476.0,752.0,1335.0
NO,IT,1269.0,172.0,302.0,1553.0
IS,IS,1246.0,548.0,1083.0,1604.0
BE,RO,1245.0,677.0,1006.0,1412.0
DK,CZ,1232.0,306.0,381.0,810.0
DE,MT,1231.0,1210.0,1365.0,1507.0
PL,HU,1206.0,682.0,977.0,2119.0
SE,TR,1203.0,493.0,1550.0,1892.0
DK,TR,1200.0,497.0,1228.0,1886.0
SI,DE,1199.0,1171.0,1221.0,3053.0
IT,NO,1182.0,150.0,333.0,1581.0
FI,BE,1182.0,596.0,660.0,1266.0
UA,GB,1182.0,711.0,949.0,179.0
BG,DE,1169.0,473.0,3160.0,5000.0
GB,BG,1164.0,259.0,1748.0,3160.0
PT,AT,1159.0,591.0,787.0,1106.0
BE,FI,1159.0,518.0,518.0,1201.0
GR,FI,1159.0,66.0,245.0,910.0
FI,CH,1158.0,547.0,690.0,1288.0
UA,AT,1150.0,648.0,886.0,157.0
AT,PT,1139.0,597.0,787.0,1115.0
IL,PL,1139.0,213.0,432.0,1388.0
MT,FR,1133.0,852.0,1540.0,2054.0
DE,SI,1128.0,1003.0,1004.0,1551.0
NO,IS,1126.0,249.0,165.0,474.0
GB,UA,1125.0,655.0,888.0,158.0
AT,UA,1125.0,629.0,906.0,156.0
HR,HR,1118.0,1625.0,1904.0,802.0
TR,RO,1113.0,779.0,1252.0,1759.0
GB,HR,1108.0,499.0,676.0,2575.0
UA,FR,1105.0,354.0,866.0,222.0
IL,AT,1103.0,450.0,834.0,1626.0
IL,ES,1102.0,226.0,504.0,1712.0
BE,NO,1099.0,274.0,311.0,1057.0
CH,FI,1088.0,554.0,685.0,1243.0
CZ,SE,1081.0,318.0,414.0,622.0
GR,NO,1081.0,28.0,120.0,522.0
IL,CH,1075.0,292.0,612.0,1440.0
LT,DE,1074.0,1057.0,1578.0,2303.0
PL,IL,1070.0,377.0,491.0,1514.0
LU,AT,1067.0,636.0,602.0,1012.0
FR,UA,1065.0,342.0,790.0,235.0
PT,DK,1062.0,316.0,638.0,1203.0
GR,TR,1061.0,291.0,675.0,1047.0
IS,NO,1054.0,250.0,187.0,490.0
GR,RO,1040.0,590.0,556.0,755.0
HU,PL,1030.0,678.0,940.0,2114.0
SE,HU,1028.0,405.0,425.0,934.0
IL,NL,1024.0,167.0,496.0,1240.0
NO,CH,1024.0,358.0,311.0,1096.0
DE,KZ,1023.0,372.0,280.0,52.0
CZ,HU,1018.0,663.0,696.0,944.0
SE,CZ,1013.0,301.0,413.0,618.0
GB,LT,1007.0,1120.0,1863.0,3041.0
PT,SE,1004.0,263.0,449.0,707.0
PL,PT,1001.0,372.0,981.0,1445.0
PT,PL,996.0,376.0,987.0,1420.0
CZ,FI,993.0,242.0,225.0,627.0
EE,FI,989.0,1317.0,1488.0,2967.0
NL,RO,988.0,681.0,1557.0,2017.0
DK,PT,986.0,307.0,632.0,1202.0
FR,RS,986.0,530.0,758.0,1187.0
NL,LU,974.0,492.0,768.0,1014.0
EE,RU,973.0,338.0,262.0,55.0
AT,LU,971.0,560.0,495.0,916.0
TR,PL,970.0,801.0,922.0,1469.0
BG,GB,966.0,237.0,1789.0,3171.0
IL,UA,964.0,283.0,902.0,172.0
FI,EE,964.0,1257.0,1396.0,2864.0
ES,IL,961.0,435.0,553.0,1869.0
SE,PT,960.0,267.0,457.0,711.0
EE,EE,958.0,967.0,937.0,1291.0
LV,UA,949.0,380.0,535.0,130.0
UA,LV,949.0,338.0,525.0,128.0
RS,FR,939.0,416.0,373.0,1101.0
IT,LV,935.0,386.0,623.0,797.0
RU,EE,934.0,342.0,284.0,43.0
AT,IL,934.0,569.0,794.0,1760.0
LV,IT,931.0,347.0,573.0,944.0
ES,UA,928.0,319.0,619.0,217.0
HU,HU,912.0,1017.0,1956.0,2964.0
IT,RS,911.0,305.0,495.0,1464.0
KZ,TR,907.0,645.0,947.0,230.0
HU,SE,906.0,402.0,418.0,907.0
IS,FR,900.0,170.0,384.0,719.0
CZ,AT,896.0,607.0,1015.0,1857.0
DK,IE,889.0,302.0,392.0,898.0
SK,SK,888.0,2027.0,3043.0,3194.0
IE,DK,882.0,306.0,376.0,881.0
RO,RO,879.0,1622.0,1312.0,5107.0
LT,LV,877.0,1154.0,1149.0,1402.0
FR,IS,876.0,180.0,316.0,698.0
FI,HU,870.0,214.0,252.0,551.0
FI,CZ,869.0,223.0,241.0,623.0
AT,CZ,867.0,592.0,1001.0,1858.0
HU,CZ,862.0,567.0,603.0,857.0
RS,IT,859.0,270.0,303.0,1440.0
LV,NL,855.0,502.0,612.0,719.0
CH,NO,847.0,324.0,300.0,1087.0
NL,LV,843.0,489.0,619.0,630.0
NO,AT,840.0,368.0,369.0,645.0
HR,CH,833.0,548.0,629.0,767.0
AT,IE,830.0,317.0,275.0,676.0
GR,HU,822.0,324.0,406.0,718.0
FI,GR,818.0,55.0,261.0,945.0
UA,ES,815.0,359.0,606.0,212.0
TR,CY,815.0,823.0,2815.0,5475.0
TR,RS,813.0,744.0,1144.0,1635.0
DK,HU,808.0,231.0,409.0,814.0
IE,AT,808.0,309.0,276.0,683.0
IE,HU,805.0,330.0,363.0,597.0
HR,FR,802.0,432.0,665.0,958.0
UA,TR,793.0,2544.0,2611.0,353.0
HR,AT,793.0,531.0,697.0,1184.0
GB,EE,792.0,364.0,359.0,649.0
SI,GB,784.0,150.0,166.0,911.0
CZ,TR,784.0,228.0,609.0,1058.0
GB,SI,782.0,156.0,152.0,521.0
NO,RU,775.0,199.0,141.0,32.0
FR,HR,774.0,462.0,672.0,1248.0
CH,HR,767.0,507.0,631.0,986.0
BE,LV,765.0,272.0,304.0,415.0
HU,FI,756.0,232.0,247.0,516.0
TR,NO,753.0,351.0,503.0,858.0
AT,HR,751.0,470.0,642.0,1003.0
IL,HU,746.0,188.0,608.0,1418.0
LV,BE,744.0,251.0,288.0,480.0
PT,RU,743.0,151.0,115.0,60.0
HR,NL,742.0,537.0,1079.0,690.0
FI,AT,738.0,302.0,352.0,802.0
DK,RU,737.0,187.0,144.0,33.0
RO,TR,733.0,323.0,1228.0,1720.0
NL,IL,731.0,261.0,557.0,1377.0
EE,GB,728.0,352.0,363.0,646.0
PT,FI,723.0,132.0,155.0,509.0
AT,FI,722.0,292.0,370.0,816.0
IE,IS,722.0,319.0,229.0,334.0
AT,NO,722.0,218.0,235.0,519.0
HU,IE,722.0,329.0,376.0,583.0
RU,DK,721.0,180.0,162.0,32.0
FI,IS,715.0,147.0,32.0,198.0
HU,DK,714.0,234.0,396.0,822.0
SK,CZ,707.0,671.0,912.0,1174.0
CZ,UA,706.0,543.0,767.0,145.0
RU,PT,706.0,154.0,125.0,35.0
BG,RU,706.0,39.0,482.0,139.0
RU,BG,702.0,18.0,444.0,139.0
LV,FR,701.0,247.0,430.0,589.0
FI,PT,701.0,121.0,162.0,505.0
FR,LV,700.0,320.0,433.0,522.0
DE,LT,699.0,812.0,1535.0,2292.0
UA,CZ,698.0,554.0,780.0,144.0
IS,FI,697.0,145.0,30.0,201.0
CZ,SK,696.0,645.0,862.0,1118.0
UA,IL,694.0,440.0,985.0,175.0
RU,NO,694.0,166.0,167.0,33.0
GR,RS,690.0,228.0,410.0,632.0
IS,IE,687.0,294.0,221.0,328.0
FR,MT,684.0,789.0,1260.0,1818.0
PT,HU,682.0,304.0,329.0,572.0
DE,SK,679.0,757.0,816.0,1018.0
IL,BE,677.0,500.0,866.0,1442.0
NO,GR,676.0,21.0,148.0,643.0
EE,DK,675.0,268.0,185.0,374.0
IL,RO,672.0,88.0,384.0,1310.0
PL,CZ,670.0,790.0,1313.0,2709.0
NL,IS,667.0,244.0,286.0,506.0
NO,HU,665.0,202.0,122.0,452.0
RO,GR,665.0,382.0,608.0,1008.0
CH,IL,660.0,417.0,637.0,1479.0
CZ,PL,660.0,825.0,1303.0,2794.0
DK,EE,657.0,270.0,179.0,400.0
RS,NL,656.0,280.0,401.0,1067.0
IS,NL,654.0,214.0,312.0,511.0
SK,DE,652.0,672.0,831.0,1010.0
HR,BE,646.0,324.0,477.0,499.0
AT,LV,646.0,388.0,387.0,496.0
BE,IL,642.0,1002.0,1038.0,1518.0
GB,RS,642.0,335.0,378.0,693.0
IT,SK,641.0,195.0,291.0,539.0
LV,AT,635.0,364.0,375.0,608.0
NL,RS,635.0,272.0,577.0,1095.0
GR,UA,632.0,126.0,244.0,15.0
AT,HU,631.0,542.0,768.0,1317.0
RS,GB,628.0,268.0,254.0,659.0
HU,AT,627.0,508.0,744.0,1349.0
TR,PT,626.0,285.0,502.0,913.0
LV,CH,626.0,224.0,232.0,265.0
LV,ES,625.0,150.0,434.0,603.0
CY,GR,621.0,1116.0,1717.0,3619.0
HU,TR,621.0,176.0,648.0,1208.0
HU,PT,621.0,304.0,330.0,539.0
PL,LV,617.0,370.0,596.0,816.0
LU,DK,616.0,180.0,158.0,443.0
IE,CZ,615.0,197.0,179.0,515.0
AT,BG,615.0,157.0,799.0,1307.0
DK,LU,615.0,181.0,174.0,444.0
SE,RS,614.0,349.0,505.0,696.0
BE,HR,614.0,319.0,458.0,677.0
SK,IT,613.0,171.0,283.0,528.0
LV,PL,613.0,323.0,441.0,946.0
NO,PT,611.0,97.0,122.0,583.0
HU,NO,605.0,173.0,133.0,451.0
RS,SE,599.0,300.0,373.0,690.0
TR,FI,596.0,230.0,324.0,721.0
IL,CZ,594.0,81.0,396.0,748.0
NL,HR,594.0,508.0,1048.0,939.0
HU,IL,594.0,285.0,665.0,1458.0
IE,SE,592.0,234.0,307.0,458.0
CZ,IE,592.0,192.0,179.0,503.0
HR,RU,591.0,157.0,454.0,42.0
SE,IS,590.0,154.0,156.0,291.0
RO,IL,587.0,134.0,457.0,1415.0
ES,LV,585.0,184.0,560.0,532.0
HU,GR,584.0,291.0,428.0,817.0
SE,IE,582.0,229.0,319.0,472.0
IS,SE,582.0,137.0,169.0,330.0
RS,GR,577.0,202.0,359.0,745.0
PL,IS,573.0,316.0,279.0,402.0
RO,CH,568.0,388.0,688.0,967.0
TR,IE,567.0,196.0,350.0,600.0
PT,CZ,565.0,158.0,350.0,646.0
HR,IT,565.0,416.0,892.0,835.0
IS,BE,559.0,397.0,330.0,433.0
CZ,PT,559.0,159.0,346.0,638.0
CH,RO,559.0,357.0,669.0,977.0
ES,IS,559.0,77.0,183.0,492.0
CZ,IL,556.0,164.0,498.0,880.0
UA,NL,551.0,560.0,1038.0,144.0
IS,CH,550.0,89.0,183.0,278.0
RO,RU,546.0,92.0,125.0,31.0
UA,GR,545.0,127.0,286.0,21.0
PT,NO,545.0,104.0,118.0,579.0
AT,RS,535.0,433.0,1030.0,1552.0
RU,HR,534.0,133.0,419.0,58.0
CY,TR,534.0,560.0,2886.0,5046.0
PL,RO,534.0,285.0,603.0,1180.0
CZ,NO,527.0,95.0,105.0,416.0
RO,PL,527.0,266.0,635.0,1210.0
BE,IS,525.0,418.0,332.0,415.0
MT,ES,524.0,367.0,642.0,755.0
IS,ES,522.0,77.0,196.0,461.0
NO,EE,522.0,191.0,182.0,319.0
CH,IS,520.0,77.0,143.0,228.0
CZ,LV,513.0,196.0,190.0,289.0
LV,CZ,508.0,179.0,184.0,333.0
HU,UA,503.0,309.0,183.0,56.0
UA,KZ,502.0,240.0,208.0,21.0
NO,CZ,501.0,119.0,109.0,420.0
IS,PL,496.0,236.0,285.0,397.0
TR,HR,495.0,188.0,353.0,213.0
LV,LT,491.0,881.0,1074.0,1521.0
CH,LV,488.0,250.0,272.0,220.0
GR,IE,487.0,207.0,214.0,354.0
BG,BG,485.0,243.0,1638.0,1662.0
NO,IE,483.0,116.0,85.0,320.0
MT,BE,478.0,345.0,360.0,412.0
LT,DK,478.0,378.0,747.0,1382.0
TR,SI,476.0,132.0,161.0,363.0
IE,LV,467.0,276.0,313.0,338.0
KZ,UA,466.0,228.0,210.0,18.0
KZ,DE,464.0,277.0,205.0,44.0
UA,HU,460.0,181.0,109.0,39.0
UA,BE,459.0,121.0,36.0,20.0
LV,IE,459.0,281.0,316.0,363.0
BG,AT,451.0,107.0,774.0,1369.0
LT,IT,450.0,252.0,482.0,816.0
CY,RU,450.0,274.0,1490.0,166.0
TR,BG,449.0,61.0,508.0,767.0
LU,LU,446.0,471.0,221.0,205.0
BE,UA,445.0,108.0,39.0,21.0
IE,NO,441.0,128.0,87.0,325.0
DK,LT,437.0,303.0,743.0,1344.0
LT,SE,436.0,88.0,325.0,738.0
RU,RO,429.0,93.0,113.0,30.0
UA,UA,427.0,1637.0,2337.0,168.0
NL,UA,423.0,485.0,1019.0,143.0
EE,NO,422.0,194.0,189.0,319.0
CY,IL,414.0,276.0,1220.0,2361.0
MT,MT,414.0,931.0,1077.0,1049.0
AT,SI,408.0,454.0,715.0,705.0
IE,TR,404.0,193.0,464.0,558.0
LT,PL,401.0,793.0,962.0,1757.0
MT,CH,398.0,253.0,429.0,532.0
IE,GR,397.0,168.0,243.0,422.0
SI,AT,396.0,346.0,551.0,628.0
IT,HR,393.0,429.0,915.0,951.0
RS,AT,393.0,214.0,588.0,1523.0
RO,HU,392.0,171.0,237.0,745.0
SI,RU,389.0,108.0,153.0,48.0
NO,TR,389.0,112.0,418.0,799.0
IE,FI,389.0,119.0,158.0,400.0
RO,CZ,388.0,156.0,240.0,434.0
IE,LU,385.0,127.0,144.0,349.0
FI,IE,384.0,124.0,161.0,400.0
RU,GE,381.0,1.0,8.0,79.0
IT,LT,381.0,193.0,502.0,814.0
IE,RU,378.0,79.0,51.0,17.0
GR,SK,376.0,65.0,123.0,269.0
RU,SI,376.0,116.0,152.0,46.0
CZ,RO,372.0,173.0,234.0,409.0
MT,PL,369.0,283.0,520.0,741.0
HR,PL,367.0,303.0,383.0,743.0
UA,CH,366.0,341.0,595.0,136.0
IT,BG,366.0,34.0,1042.0,1768.0
PL,BG,366.0,228.0,634.0,818.0
ES,HR,364.0,80.0,162.0,482.0
LU,IE,363.0,124.0,130.0,370.0
HR,DK,363.0,228.0,307.0,370.0
LT,NO,361.0,496.0,588.0,831.0
PL,HR,360.0,262.0,323.0,624.0
IT,SI,359.0,419.0,634.0,880.0
IE,SK,356.0,139.0,149.0,311.0
HR,ES,354.0,73.0,145.0,356.0
RU,IE,353.0,69.0,45.0,15.0
CH,UA,352.0,313.0,602.0,140.0
TR,LV,349.0,53.0,131.0,247.0
SK,GR,346.0,81.0,130.0,254.0
BE,EE,345.0,104.0,123.0,272.0
BG,PL,344.0,285.0,751.0,924.0
RU,LT,343.0,255.0,414.0,27.0
BE,MT,342.0,314.0,337.0,372.0
RS,RS,341.0,180.0,248.0,810.0
UA,DK,340.0,208.0,244.0,39.0
SE,UA,339.0,89.0,40.0,17.0
UA,SE,336.0,110.0,38.0,21.0
SK,IE,334.0,137.0,149.0,316.0
HU,RO,333.0,124.0,228.0,541.0
DK,UA,329.0,196.0,249.0,40.0
MT,NL,326.0,266.0,247.0,365.0
DK,HR,326.0,227.0,290.0,368.0
MT,AT,324.0,292.0,357.0,415.0
NL,EE,324.0,181.0,248.0,378.0
GR,PT,321.0,104.0,104.0,257.0
RO,SE,320.0,249.0,244.0,364.0
PL,TR,319.0,455.0,695.0,948.0
IL,IL,318.0,793.0,2625.0,1904.0
TR,EE,315.0,53.0,131.0,264.0
LT,RU,314.0,1763.0,2643.0,3835.0
SE,RO,312.0,251.0,241.0,354.0
RU,SK,311.0,100.0,50.0,9.0
ES,MT,310.0,331.0,628.0,714.0
RU,BY,310.0,2153.0,2362.0,4311.0
FI,TR,307.0,126.0,407.0,725.0
BG,IT,306.0,21.0,995.0,1722.0
EE,NL,304.0,176.0,254.0,377.0
SK,RU,302.0,105.0,41.0,9.0
SI,IT,298.0,386.0,558.0,738.0
PT,GR,296.0,97.0,106.0,283.0
GR,CY,294.0,1289.0,1468.0,1844.0
LT,LT,293.0,2044.0,3133.0,3493.0
LT,NL,291.0,366.0,396.0,767.0
SI,NL,285.0,77.0,125.0,557.0
LU,HU,284.0,175.0,271.0,323.0
TR,LU,283.0,132.0,197.0,240.0
SE,LT,282.0,22.0,327.0,754.0
CY,DE,276.0,525.0,1009.0,1941.0
HR,SE,274.0,22.0,155.0,322.0
SK,UA,273.0,105.0,173.0,46.0
SI,CH,272.0,154.0,287.0,843.0
UA,SK,272.0,102.0,171.0,42.0
RU,CY,271.0,250.0,1629.0,169.0
NL,BG,271.0,87.0,538.0,851.0
IT,EE,271.0,96.0,271.0,606.0
TR,MT,268.0,193.0,327.0,444.0
CH,MT,263.0,217.0,411.0,530.0
GR,LU,261.0,110.0,197.0,223.0
SI,BE,257.0,163.0,306.0,543.0
PT,TR,255.0,70.0,444.0,838.0
SK,BE,252.0,55.0,113.0,192.0
PL,LU,250.0,146.0,184.0,390.0
RS,TR,244.0,377.0,1108.0,1689.0
RS,HU,243.0,227.0,210.0,100.0
IL,BG,242.0,49.0,328.0,618.0
CH,SI,239.0,151.0,271.0,523.0
LU,PL,239.0,140.0,185.0,382.0
LU,GR,239.0,81.0,171.0,251.0
PL,MT,238.0,271.0,493.0,738.0
GR,LV,238.0,49.0,102.0,76.0
RO,IE,237.0,217.0,306.0,594.0
BE,SK,235.0,63.0,114.0,182.0
EE,PL,235.0,483.0,720.0,1248.0
EE,IT,234.0,99.0,277.0,584.0
BG,TR,234.0,34.0,546.0,745.0
IL,PT,234.0,26.0,108.0,425.0
IL,CY,233.0,233.0,1143.0,2386.0
SK,AT,232.0,199.0,316.0,772.0
NL,SI,232.0,50.0,123.0,159.0
IE,RO,232.0,188.0,304.0,605.0
BE,SI,231.0,136.0,296.0,322.0
LV,GR,229.0,56.0,107.0,140.0
PL,EE,227.0,480.0,706.0,1243.0
PL,RS,227.0,136.0,227.0,504.0
AT,SK,226.0,192.0,347.0,819.0
SK,ES,218.0,61.0,138.0,189.0
DK,RS,218.0,79.0,139.0,251.0
AT,MT,215.0,276.0,331.0,367.0
RS,PL,215.0,115.0,196.0,514.0
BE,BG,213.0,42.0,381.0,559.0
NO,LT,210.0,370.0,578.0,862.0
LT,FR,209.0,217.0,281.0,558.0
RS,DK,208.0,77.0,105.0,242.0
LT,IE,206.0,289.0,426.0,672.0
BG,NL,201.0,78.0,543.0,819.0
AT,IS,199.0,80.0,69.0,118.0
PT,RO,199.0,110.0,157.0,257.0
CZ,BG,199.0,92.0,257.0,382.0
EE,FR,197.0,74.0,190.0,395.0
FR,EE,197.0,86.0,186.0,412.0
BG,IL,195.0,67.0,343.0,632.0
IS,AT,193.0,72.0,75.0,124.0
PT,IL,192.0,74.0,131.0,486.0
FR,BG,191.0,36.0,516.0,814.0
LT,ES,191.0,207.0,294.0,545.0
HR,IE,190.0,57.0,94.0,320.0
LV,IS,190.0,84.0,109.0,80.0
PL,LT,189.0,645.0,972.0,1780.0
FR,SI,189.0,159.0,335.0,776.0
ES,RS,189.0,95.0,156.0,544.0
IE,LT,187.0,252.0,426.0,653.0
SI,RS,186.0,157.0,257.0,544.0
IL,RS,186.0,81.0,91.0,100.0
NL,LT,185.0,317.0,394.0,756.0
SI,FR,185.0,143.0,307.0,1053.0
SK,FR,184.0,76.0,105.0,219.0
MT,HU,182.0,149.0,237.0,301.0
ES,SK,182.0,68.0,139.0,167.0
NL,MT,182.0,219.0,202.0,338.0
CY,AT,181.0,278.0,401.0,916.0
HR,TR,180.0,65.0,387.0,292.0
LT,AT,179.0,111.0,118.0,194.0
RS,SI,178.0,110.0,108.0,524.0
AT,EE,178.0,147.0,135.0,219.0
FR,SK,178.0,69.0,106.0,229.0
EE,AT,178.0,149.0,134.0,218.0
IS,LV,178.0,81.0,104.0,74.0
SK,PL,178.0,166.0,142.0,378.0
DK,RO,177.0,167.0,292.0,463.0
MT,SE,177.0,42.0,50.0,36.0
PL,SK,175.0,140.0,138.0,362.0
UA,EE,172.0,83.0,244.0,48.0
LT,BE,172.0,62.0,157.0,239.0
LT,EE,172.0,190.0,128.0,505.0
EE,UA,171.0,75.0,258.0,48.0
BY,RU,170.0,1813.0,2282.0,4377.0
SI,TR,169.0,22.0,178.0,363.0
BA,DE,169.0,50.0,115.0,194.0
BG,BE,167.0,51.0,346.0,501.0
IE,HR,166.0,56.0,92.0,410.0
RS,IL,165.0,128.0,99.0,137.0
SE,HR,164.0,18.0,138.0,234.0
EE,LT,162.0,164.0,120.0,524.0
LT,FI,161.0,179.0,248.0,1156.0
RS,BE,160.0,75.0,64.0,110.0
BG,ES,158.0,15.0,618.0,938.0
BE,RS,156.0,79.0,135.0,107.0
MT,IE,156.0,194.0,173.0,214.0
LV,HU,156.0,56.0,79.0,169.0
RO,DK,155.0,158.0,298.0,475.0
HR,NO,154.0,11.0,35.0,173.0
IT,IS,154.0,67.0,163.0,322.0
RS,ES,154.0,71.0,117.0,530.0
IL,LV,153.0,7.0,62.0,81.0
CY,PL,153.0,219.0,590.0,944.0
EE,BE,153.0,83.0,165.0,277.0
RO,PT,152.0,92.0,155.0,242.0
IS,IT,152.0,62.0,178.0,366.0
LU,BE,151.0,120.0,236.0,270.0
TR,GE,148.0,17.0,177.0,959.0
BE,LU,148.0,124.0,223.0,233.0
MT,TR,147.0,49.0,344.0,392.0
LV,IL,146.0,13.0,64.0,107.0
SI,PL,145.0,122.0,251.0,415.0
HU,LV,145.0,55.0,76.0,130.0
GR,EE,144.0,9.0,49.0,76.0
GB,KZ,144.0,70.0,45.0,19.0
IS,HU,143.0,49.0,44.0,92.0
PL,SI,141.0,128.0,253.0,411.0
MT,RU,138.0,35.0,26.0,3.0
TR,LT,138.0,62.0,302.0,492.0
NO,HR,137.0,8.0,38.0,185.0
LU,CZ,137.0,32.0,26.0,173.0
IE,MT,134.0,190.0,164.0,207.0
MT,DK,134.0,63.0,150.0,198.0
DE,CY,133.0,496.0,945.0,1612.0
HR,RS,133.0,289.0,358.0,321.0
HR,CZ,132.0,139.0,211.0,189.0
ES,BG,131.0,10.0,629.0,1008.0
SE,MT,130.0,44.0,47.0,40.0
HU,IS,128.0,49.0,50.0,90.0
PT,UA,127.0,60.0,140.0,37.0
CZ,HR,125.0,107.0,165.0,142.0
UA,PT,122.0,52.0,135.0,31.0
FR,LT,122.0,176.0,269.0,511.0
ES,LT,121.0,186.0,295.0,566.0
BG,FR,119.0,28.0,530.0,808.0
DK,MT,119.0,75.0,137.0,181.0
LV,TR,118.0,16.0,118.0,247.0
SI,CZ,118.0,107.0,162.0,179.0
FI,SI,118.0,6.0,11.0,14.0
HR,FI,117.0,6.0,8.0,166.0
PT,HR,117.0,8.0,72.0,28.0
BG,CZ,116.0,97.0,285.0,464.0
HR,PT,115.0,6.0,68.0,24.0
IL,FI,115.0,5.0,27.0,124.0
EE,GR,114.0,8.0,45.0,68.0
RS,HR,114.0,195.0,134.0,236.0
BG,GR,112.0,7.0,298.0,473.0
DK,BG,112.0,12.0,141.0,247.0
CZ,LU,111.0,30.0,31.0,172.0
PT,LV,111.0,37.0,97.0,81.0
SI,FI,110.0,4.0,11.0,13.0
BE,LT,109.0,33.0,161.0,242.0
AT,LT,108.0,63.0,109.0,195.0
CY,CH,107.0,203.0,294.0,597.0
CZ,SI,106.0,108.0,166.0,190.0
FI,LT,105.0,150.0,250.0,1125.0
NO,RS,105.0,74.0,172.0,315.0
EE,TR,104.0,5.0,126.0,227.0
NL,SK,104.0,29.0,45.0,154.0
GI,GB,104.0,230.0,470.0,1146.0
CY,NL,104.0,76.0,150.0,279.0
LV,PT,103.0,31.0,91.0,93.0
RU,MT,103.0,32.0,38.0,1.0
GR,BG,103.0,10.0,282.0,359.0
MT,IL,99.0,44.0,43.0,70.0
SE,IL,98.0,22.0,11.0,82.0
CY,BE,97.0,138.0,150.0,121.0
CY,IT,96.0,75.0,274.0,590.0
CY,RO,96.0,71.0,191.0,390.0
MT,RS,96.0,39.0,52.0,127.0
SK,NL,95.0,31.0,46.0,157.0
RS,NO,94.0,62.0,131.0,310.0
LU,TR,94.0,9.0,189.0,239.0
IL,SE,93.0,18.0,11.0,80.0
BA,SE,92.0,33.0,166.0,95.0
IL,DK,91.0,14.0,30.0,84.0
HU,SK,91.0,34.0,99.0,129.0
FI,HR,90.0,1.0,4.0,163.0
MT,PT,90.0,142.0,181.0,157.0
BA,BE,89.0,24.0,23.0,35.0
SK,CH,89.0,92.0,98.0,116.0
LT,UA,89.0,196.0,666.0,106.0
MT,LV,87.0,34.0,76.0,53.0
IL,NO,86.0,59.0,72.0,106.0
GR,SI,86.0,29.0,71.0,68.0
DK,IL,85.0,27.0,32.0,95.0
IS,CZ,84.0,37.0,42.0,80.0
CH,SK,84.0,96.0,104.0,134.0
IS,RU,83.0,28.0,47.0,20.0
IL,HR,83.0,16.0,12.0,27.0
SI,GR,83.0,32.0,64.0,69.0
GR,HR,82.0,50.0,51.0,129.0
HR,SI,81.0,127.0,317.0,253.0
MT,RO,80.0,33.0,87.0,192.0
KZ,LV,79.0,3.0,8.0,1.0
IL,MT,79.0,20.0,32.0,62.0
HU,MT,79.0,121.0,170.0,270.0
MT,GR,78.0,91.0,141.0,230.0
HR,IL,78.0,27.0,22.0,48.0
RO,FI,78.0,40.0,72.0,69.0
UA,LT,77.0,181.0,660.0,111.0
CZ,IS,77.0,40.0,38.0,56.0
UA,IE,76.0,54.0,72.0,17.0
SI,DK,75.0,9.0,15.0,40.0
LT,GR,74.0,43.0,115.0,255.0
DK,SI,74.0,8.0,11.0,15.0
ES,EE,73.0,26.0,86.0,193.0
LT,TR,73.0,76.0,315.0,415.0
PL,CY,71.0,206.0,547.0,913.0
GR,MT,70.0,108.0,138.0,194.0
RU,IS,70.0,19.0,16.0,11.0
IE,UA,70.0,56.0,72.0,21.0
RS,UA,70.0,88.0,211.0,29.0
EE,ES,70.0,22.0,94.0,185.0
RS,MT,69.0,37.0,37.0,136.0
GR,LT,69.0,51.0,92.0,181.0
CZ,RS,68.0,70.0,124.0,221.0
HR,GR,67.0,74.0,61.0,225.0
UA,RS,67.0,87.0,204.0,26.0
RS,RO,65.0,74.0,173.0,453.0
BA,RS,65.0,73.0,104.0,29.0
BG,FI,64.0,3.0,3.0,6.0
LT,IL,64.0,32.0,68.0,193.0
MT,CZ,64.0,57.0,85.0,84.0
HU,RS,64.0,53.0,64.0,109.0
BG,RO,63.0,133.0,744.0,501.0
SK,HU,63.0,34.0,101.0,98.0
BG,DK,63.0,38.0,150.0,250.0
MT,LU,63.0,83.0,117.0,113.0
RO,BG,62.0,16.0,485.0,439.0
IT,CY,62.0,69.0,287.0,552.0
CY,SE,61.0,18.0,170.0,510.0
IE,EE,61.0,17.0,53.0,84.0
CH,BG,61.0,7.0,256.0,458.0
LV,MT,60.0,26.0,60.0,55.0
FI,RO,59.0,32.0,74.0,71.0
BG,CH,59.0,20.0,264.0,440.0
FI,RS,59.0,17.0,1.0,6.0
CY,HU,58.0,74.0,205.0,372.0
RS,CZ,58.0,62.0,90.0,211.0
LU,MT,58.0,75.0,111.0,109.0
NO,IL,56.0,7.0,9.0,8.0
IL,SI,56.0,3.0,10.0,53.0
DE,GE,56.0,20.0,61.0,323.0
RO,HR,56.0,15.0,25.0,39.0
CZ,MT,56.0,53.0,79.0,84.0
PT,MT,56.0,126.0,168.0,152.0
NL,KZ,55.0,64.0,95.0,35.0
CY,MT,55.0,13.0,97.0,233.0
NO,RO,54.0,105.0,92.0,134.0
RO,CY,54.0,58.0,203.0,339.0
CY,BG,54.0,10.0,190.0,256.0
FR,KZ,53.0,29.0,13.0,4.0
DE,BY,53.0,800.0,262.0,1.0
RS,FI,53.0,19.0,2.0,5.0
KZ,GB,52.0,53.0,46.0,18.0
NL,CY,52.0,55.0,136.0,224.0
EE,IE,51.0,17.0,59.0,81.0
IL,LT,51.0,25.0,64.0,185.0
SE,LU,51.0,131.0,158.0,209.0
MT,SK,50.0,23.0,57.0,82.0
FI,IL,49.0,7.0,33.0,115.0
RO,RS,48.0,53.0,181.0,455.0
BY,DE,48.0,817.0,269.0,2.0
HR,RO,47.0,18.0,36.0,46.0
RO,NO,47.0,102.0,92.0,93.0
CH,CY,45.0,200.0,312.0,604.0
CY,LV,44.0,76.0,124.0,115.0
TR,SK,43.0,12.0,15.0,69.0
GE,TR,42.0,1.0,168.0,524.0
LU,SE,42.0,130.0,151.0,225.0
BG,SK,42.0,6.0,34.0,175.0
AT,CY,42.0,243.0,468.0,910.0
IE,IL,41.0,37.0,52.0,60.0
SK,TR,41.0,11.0,12.0,26.0
HU,LU,41.0,53.0,91.0,203.0
HU,SI,41.0,40.0,65.0,65.0
CY,UA,39.0,70.0,541.0,53.0
SI,IL,39.0,5.0,14.0,58.0
MT,UA,39.0,9.0,10.0,8.0
SI,HR,39.0,82.0,228.0,193.0
SI,HU,39.0,44.0,73.0,74.0
HR,SK,39.0,69.0,143.0,156.0
SK,MT,39.0,22.0,57.0,87.0
SK,SI,38.0,22.0,53.0,46.0
CY,IE,38.0,25.0,53.0,50.0
BG,NO,38.0,1.0,4.0,33.0
HR,HU,38.0,37.0,77.0,62.0
BE,CY,37.0,60.0,90.0,113.0
IE,BG,36.0,19.0,155.0,236.0
SK,BG,36.0,13.0,19.0,164.0
BG,CY,36.0,5.0,186.0,255.0
HR,LV,36.0,13.0,33.0,46.0
UA,RU,35.0,2278.0,332.0,7.0
CH,KZ,34.0,15.0,28.0,3.0
SI,SK,34.0,19.0,44.0,47.0
CY,SK,34.0,34.0,93.0,197.0
IL,IE,33.0,23.0,36.0,59.0
MT,EE,33.0,11.0,16.0,82.0
RU,AZ,33.0,7.0,11.0,13.0
ES,KZ,32.0,31.0,60.0,4.0
KZ,CH,32.0,21.0,27.0,7.0
IT,KZ,32.0,48.0,14.0,2.0
BG,IE,31.0,33.0,174.0,243.0
LV,CY,31.0,76.0,128.0,133.0
UA,MT,31.0,6.0,16.0,9.0
IL,SK,30.0,8.0,15.0,11.0
LU,KZ,30.0,10.0,9.0,1.0
LT,CZ,30.0,30.0,58.0,59.0
ES,SI,30.0,20.0,60.0,45.0
RU,LU,30.0,316.0,43.0,6.0
UA,NO,29.0,33.0,71.0,8.0
HU,HR,28.0,31.0,60.0,62.0
MT,LT,28.0,3.0,66.0,90.0
MT,CY,28.0,10.0,89.0,206.0
SK,HR,28.0,42.0,102.0,148.0
CY,EE,28.0,21.0,47.0,8.0
IL,GE,28.0,11.0,35.0,224.0
LU,RU,28.0,73.0,74.0,8.0
BG,HU,28.0,10.0,95.0,163.0
RO,MT,28.0,25.0,73.0,182.0
PK,PK,28.0,7.0,103.0,30.0
LU,BG,27.0,21.0,24.0,19.0
CY,FR,26.0,28.0,214.0,428.0
CY,DK,26.0,109.0,160.0,456.0
CY,CZ,26.0,41.0,97.0,246.0
MT,FI,26.0,3.0,7.0,3.0
BY,PL,26.0,380.0,271.0,6.0
HR,UA,26.0,96.0,219.0,8.0
RU,UA,26.0,2367.0,477.0,2.0
PL,BY,25.0,373.0,274.0,11.0
CY,RS,25.0,111.0,209.0,401.0
TR,AZ,25.0,8.0,15.0,37.0
AZ,RU,25.0,2.0,2.0,17.0
EE,CH,24.0,16.0,111.0,230.0
NO,UA,24.0,52.0,75.0,8.0
NO,MT,23.0,3.0,7.0,17.0
FR,BY,23.0,388.0,99.0,1.0
UA,CY,23.0,62.0,569.0,54.0
HU,CY,23.0,67.0,200.0,352.0
CY,FI,23.0,24.0,28.0,159.0
IT,BY,23.0,295.0,131.0,2.0
HU,BG,23.0,6.0,87.0,149.0
MT,NO,23.0,2.0,6.0,17.0
SK,CY,22.0,35.0,88.0,172.0
KZ,IT,22.0,8.0,8.0,1.0
CY,LT,22.0,61.0,96.0,120.0
LU,SK,22.0,8.0,32.0,25.0
BY,FR,22.0,385.0,97.0,5.0
CH,EE,21.0,16.0,105.0,226.0
LT,MT,21.0,17.0,61.0,87.0
EE,CY,21.0,17.0,45.0,14.0
PT,IS,21.0,4.0,8.0,43.0
SK,RO,20.0,51.0,32.0,41.0
GR,IS,20.0,6.0,10.0,8.0
IE,CY,20.0,24.0,39.0,35.0
CY,CY,20.0,332.0,1071.0,1266.0
AT,BY,20.0,240.0,132.0,14.0
UA,FI,19.0,81.0,81.0,3.0
LT,IS,19.0,12.0,6.0,59.0
BA,AT,19.0,6.0,23.0,60.0
SK,LU,19.0,7.0,33.0,26.0
BY,IT,19.0,287.0,132.0,4.0
CZ,EE,19.0,27.0,32.0,29.0
SK,SE,19.0,27.0,47.0,40.0
UA,HR,18.0,80.0,211.0,7.0
LV,GE,18.0,6.0,12.0,101.0
IS,PT,18.0,9.0,8.0,36.0
RS,SK,18.0,18.0,22.0,38.0
SI,ES,18.0,15.0,59.0,46.0
SK,LV,17.0,19.0,9.0,13.0
FI,MT,16.0,6.0,2.0,1.0
SK,RS,16.0,14.0,33.0,39.0
BG,LV,16.0,2.0,6.0,9.0
LT,HU,15.0,21.0,33.0,135.0
RO,SK,15.0,7.0,25.0,44.0
BY,AT,15.0,185.0,69.0,2.0
SK,IL,15.0,10.0,16.0,8.0
SI,IS,15.0,4.0,3.0,6.0
SE,CY,14.0,16.0,153.0,498.0
LV,BY,14.0,137.0,57.0,2.0
FI,UA,14.0,79.0,82.0,2.0
BG,SE,14.0,2.0,8.0,24.0
PL,GE,14.0,29.0,29.0,206.0
FI,SK,13.0,4.0,4.0,14.0
CY,NO,13.0,6.0,21.0,190.0
UA,BG,13.0,16.0,178.0,37.0
EE,CZ,13.0,14.0,40.0,27.0
LV,SK,13.0,13.0,11.0,6.0
HR,LU,13.0,18.0,12.0,26.0
CZ,LT,13.0,72.0,99.0,80.0
KZ,FR,13.0,14.0,10.0,3.0
SE,SK,13.0,22.0,60.0,42.0
LV,HR,13.0,11.0,19.0,48.0
EE,MT,13.0,11.0,11.0,75.0
BY,LV,13.0,121.0,60.0,3.0
MT,SI,13.0,6.0,14.0,20.0
HU,LT,12.0,10.0,34.0,124.0
AZ,DE,11.0,10.0,4.0,9.0
IS,GR,11.0,4.0,14.0,12.0
BG,UA,11.0,55.0,278.0,36.0
BG,LU,11.0,10.0,35.0,23.0
SI,MT,11.0,9.0,10.0,19.0
FI,CY,11.0,24.0,29.0,143.0
DK,CY,11.0,106.0,154.0,440.0
LU,IS,11.0,5.0,3.0,1.0
LT,PT,11.0,9.0,65.0,91.0
TR,BY,11.0,686.0,937.0,552.0
UA,RO,10.0,22.0,91.0,6.0
DE,AZ,10.0,7.0,4.0,11.0
PT,LT,10.0,9.0,74.0,102.0
BA,SI,10.0,6.0,17.0,11.0
RO,UA,10.0,19.0,101.0,3.0
HU,BY,10.0,101.0,9.0,1.0
LU,HR,10.0,20.0,16.0,31.0
LU,UA,10.0,5.0,4.0,1.0
FR,CY,10.0,36.0,194.0,439.0
KZ,ES,10.0,55.0,70.0,11.0
NL,BY,10.0,398.0,110.0,1.0
AZ,TR,10.0,2.0,13.0,22.0
BY,GB,9.0,210.0,64.0,1.0
BY,KZ,9.0,47.0,63.0,21.0
SI,LV,9.0,6.0,12.0,6.0
SI,RO,9.0,8.0,12.0,46.0
KZ,IL,9.0,14.0,20.0,8.0
BY,CZ,9.0,236.0,66.0,1.0
LU,RS,9.0,3.0,51.0,87.0
AT,KZ,9.0,6.0,17.0,3.0
NO,LU,9.0,38.0,44.0,102.0
PT,EE,9.0,1.0,9.0,16.0
RS,LU,9.0,4.0,21.0,80.0
IS,SI,9.0,2.0,1.0,7.0
TR,IS,9.0,2.0,12.0,17.0
IS,LT,9.0,4.0,13.0,60.0
LT,CY,9.0,68.0,84.0,133.0
IS,RO,8.0,5.0,2.0,9.0
GE,IL,8.0,27.0,47.0,216.0
LT,BG,8.0,7.0,39.0,27.0
BA,HR,8.0,14.0,11.0,6.0
LV,RS,8.0,15.0,23.0,13.0
IS,TR,8.0,5.0,6.0,13.0
GE,LV,8.0,16.0,9.0,22.0
EE,PT,8.0,2.0,7.0,15.0
RS,BY,8.0,174.0,142.0,34.0
DK,SK,8.0,6.0,45.0,130.0
CY,ES,8.0,7.0,71.0,66.0
GB,GI,7.0,41.0,443.0,840.0
SI,SE,7.0,2.0,25.0,41.0
LV,SI,7.0,7.0,11.0,7.0
CZ,CY,7.0,41.0,92.0,231.0
HR,IS,7.0,1.0,3.0,5.0
LU,NO,7.0,3.0,20.0,103.0
BG,LT,7.0,5.0,38.0,25.0
LT,BY,7.0,192.0,212.0,58.0
LT,CH,7.0,23.0,43.0,125.0
BY,CH,7.0,42.0,17.0,2.0
BY,EE,7.0,100.0,91.0,1.0
KZ,BY,7.0,49.0,62.0,19.0
BY,BY,7.0,221.0,430.0,665.0
SE,BA,7.0,8.0,6.0,124.0
CH,BY,7.0,45.0,23.0,1.0
RS,LV,7.0,6.0,18.0,10.0
AZ,LU,7.0,6.0,2.0,2.0
KZ,PL,6.0,7.0,5.0,3.0
SK,FI,6.0,8.0,3.0,19.0
SK,PT,6.0,9.0,12.0,10.0
GE,DE,6.0,48.0,90.0,172.0
GR,GE,6.0,6.0,3.0,20.0
SI,IE,6.0,4.0,14.0,104.0
LU,FI,6.0,5.0,15.0,15.0
EE,IS,6.0,3.0,2.0,1.0
EE,IL,6.0,2.0,3.0,5.0
DE,BA,6.0,12.0,5.0,210.0
FR,GE,6.0,16.0,15.0,97.0
IL,IS,5.0,1.0,14.0,4.0
UA,SI,5.0,6.0,19.0,2.0
RO,IS,5.0,2.0,4.0,9.0
IS,HR,5.0,3.0,1.0,10.0
CY,HR,5.0,6.0,18.0,18.0
BY,TR,5.0,382.0,1077.0,521.0
IL,BY,5.0,90.0,106.0,12.0
IE,SI,5.0,1.0,8.0,9.0
AZ,GB,5.0,1.0,3.0,5.0
RS,IE,5.0,3.0,4.0,4.0
BG,PT,5.0,1.0,43.0,75.0
FI,LU,5.0,15.0,17.0,22.0
BY,RS,5.0,152.0,118.0,28.0
SK,NO,5.0,1.0,4.0,6.0
SK,DK,4.0,7.0,42.0,131.0
IS,UA,4.0,6.0,6.0,2.0
HU,EE,4.0,4.0,15.0,10.0
RO,GE,4.0,1.0,1.0,7.0
MT,HR,4.0,8.0,22.0,24.0
PT,RS,4.0,1.0,11.0,7.0
AZ,IL,4.0,1.0,1.0,2.0
RS,CY,4.0,98.0,226.0,448.0
ES,BY,4.0,107.0,38.0,2.0
SE,SI,4.0,4.0,22.0,20.0
LU,AZ,4.0,5.0,1.0,3.0
NO,SK,4.0,3.0,8.0,9.0
EE,SK,4.0,3.0,7.0,8.0
KZ,AT,4.0,5.0,5.0,1.0
BE,KZ,4.0,8.0,86.0,46.0
IS,EE,4.0,3.0,5.0,4.0
CH,LT,4.0,26.0,38.0,131.0
LV,LU,4.0,2.0,6.0,6.0
RS,PT,4.0,5.0,6.0,8.0
PT,SK,3.0,5.0,6.0,13.0
BA,CH,3.0,7.0,49.0,67.0
RO,EE,3.0,2.0,5.0,5.0
LT,LU,3.0,4.0,5.0,2.0
GI,ES,3.0,18.0,38.0,154.0
HR,MT,3.0,9.0,16.0,12.0
GB,GE,3.0,5.0,4.0,5.0
BE,GE,3.0,4.0,2.0,2.0
SK,LT,3.0,2.0,12.0,29.0
GE,NL,3.0,11.0,11.0,67.0
IS,IL,3.0,7.0,23.0,9.0
BY,HU,3.0,78.0,10.0,1.0
BY,IL,3.0,109.0,126.0,19.0
EE,LU,3.0,1.0,2.0,3.0
NL,GE,3.0,7.0,13.0,90.0
HR,CY,3.0,9.0,11.0,23.0
SI,LU,3.0,11.0,29.0,20.0
LU,LV,3.0,5.0,2.0,7.0
NO,SI,3.0,1.0,5.0,9.0
LT,SK,3.0,6.0,6.0,14.0
LU,SI,3.0,8.0,27.0,19.0
NO,CY,3.0,6.0,19.0,183.0
CY,LU,3.0,2.0,5.0,16.0
AZ,IT,3.0,1.0,1.0,2.0
UA,GE,3.0,11.0,85.0,101.0
AT,GE,2.0,4.0,3.0,13.0
SI,EE,2.0,4.0,5.0,5.0
EE,SI,2.0,5.0,9.0,7.0
RS,BG,2.0,5.0,81.0,243.0
LT,RS,2.0,4.0,5.0,20.0
ES,CY,2.0,14.0,69.0,56.0
KZ,NL,2.0,6.0,5.0,11.0
LT,RO,2.0,8.0,16.0,42.0
RO,LT,2.0,10.0,21.0,25.0
RO,LU,2.0,11.0,105.0,150.0
RO,KZ,2.0,24.0,3.0,1.0
CY,SI,2.0,2.0,8.0,9.0
EE,HR,2.0,2.0,2.0,5.0
KZ,BE,2.0,6.0,43.0,40.0
LU,LT,2.0,3.0,4.0,4.0
HR,EE,2.0,2.0,1.0,3.0
GE,BE,2.0,15.0,2.0,3.0
EE,RO,2.0,3.0,4.0,8.0
LV,RO,2.0,6.0,7.0,8.0
GE,PL,2.0,85.0,23.0,84.0
RO,SI,2.0,5.0,8.0,25.0
UA,IS,1.0,4.0,2.0,2.0
AZ,NL,1.0,4.0,2.0,1.0
HR,LT,1.0,9.0,2.0,40.0
BG,IS,1.0,3.0,3.0,1.0
ES,GE,1.0,4.0,1.0,16.0
BG,RS,1.0,4.0,92.0,254.0
RS,EE,1.0,2.0,5.0,12.0
BY,SK,1.0,5.0,9.0,1.0
LU,CY,1.0,4.0,6.0,9.0
SK,BY,1.0,2.0,14.0,2.0
GE,AT,1.0,17.0,3.0,21.0
SI,PT,1.0,2.0,25.0,16.0
IE,RS,1.0,2.0,8.0,7.0
KZ,CY,1.0,5.0,7.0,3.0
EE,HU,1.0,4.0,16.0,8.0
PL,KZ,1.0,28.0,13.0,6.0
SI,CY,1.0,4.0,17.0,11.0
SI,BG,1.0,1.0,17.0,10.0
PT,KZ,1.0,2.0,7.0,1.0
GI,PT,1.0,10.0,16.0,22.0
AT,BA,1.0,2.0,2.0,35.0
HU,GE,1.0,6.0,3.0,12.0
IL,KZ,1.0,4.0,18.0,1.0
GI,CH,1.0,4.0,2.0,13.0
RO,LV,1.0,4.0,5.0,10.0
RS,LT,1.0,5.0,2.0,17.0
PT,SI,1.0,3.0,24.0,10.0
CY,PT,1.0,5.0,11.0,5.0
MT,IS,1.0,3.0,4.0,2.0
IS,MT,1.0,1.0,4.0,3.0
GE,GB,1.0,16.0,2.0,6.0
BE,BA,1.0,1.0,2.0,1.0
TR,MD,1.0,1.0,1.0,177.0
